,Class_1,Class_10,Class_2,Class_3,Class_4,Class_5,Class_6,Class_7,Class_8,Class_9,chi2,P,df
FEMALE,4,9,2,10,26,6,4,8,23,3,4.86143177322816,0.8462163823545488,9
MALE,7,11,2,15,25,11,2,13,20,5,4.86143177322816,0.8462163823545488,9
